images_path,class
images/image_0.jpg,shoe
images/image_1.jpg,shoe
images/image_2.jpg,shoe
images/image_3.jpg,shoe
images/image_4.jpg,shoe
images/image_5.jpg,shoe
images/image_6.jpg,shoe
images/image_7.jpg,shoe
images/image_8.jpg,shoe
images/image_9.jpg,shoe
images/image_10.jpg,shoe
images/image_11.jpg,shoe
images/image_12.jpg,shoe
images/image_13.jpg,shoe
images/image_14.jpg,shoe
images/image_15.jpg,shoe
images/image_16.jpg,shoe
images/image_17.jpg,shoe
images/image_18.jpg,shoe
images/image_19.jpg,shoe
images/image_20.jpg,shoe
images/image_21.jpg,shoe
images/image_22.jpg,shoe
images/image_23.jpg,shoe
images/image_24.jpg,shoe
images/image_25.jpg,shoe
images/image_26.jpg,shoe
images/image_27.jpg,shoe
images/image_28.jpg,shoe
images/image_29.jpg,shoe
images/image_30.jpg,shoe
images/image_31.jpg,shoe
images/image_32.jpg,shoe
images/image_33.jpg,shoe
images/image_34.jpg,shoe
images/image_35.jpg,shoe
images/image_36.jpg,shoe
images/image_37.jpg,shoe
images/image_38.jpg,shoe
images/image_39.jpg,shoe
images/image_40.jpg,shoe
images/image_41.jpg,shoe
images/image_42.jpg,shoe
images/image_43.jpg,shoe
images/image_44.jpg,shoe
images/image_45.jpg,shoe
images/image_46.jpg,shoe
images/image_47.jpg,shoe
images/image_48.jpg,shoe
images/image_49.jpg,shoe
images/image_50.jpg,shoe
images/image_51.jpg,shoe
images/image_52.jpg,shoe
images/image_53.jpg,bearfoot
images/image_54.jpg,bearfoot
images/image_55.jpg,bearfoot
images/image_56.jpg,bearfoot
images/image_57.jpg,bearfoot
images/image_58.jpg,bearfoot
images/image_59.jpg,bearfoot
images/image_60.jpg,bearfoot
images/image_61.jpg,bearfoot
images/image_62.jpg,bearfoot
images/image_63.jpg,bearfoot
images/image_64.jpg,bearfoot
images/image_65.jpg,bearfoot
images/image_66.jpg,bearfoot
images/image_67.jpg,bearfoot
images/image_68.jpg,bearfoot
images/image_69.jpg,bearfoot
images/image_70.jpg,bearfoot
images/image_71.jpg,bearfoot
images/image_72.jpg,bearfoot
images/image_73.jpg,bearfoot
images/image_74.jpg,bearfoot
images/image_75.jpg,bearfoot
images/image_76.jpg,bearfoot
images/image_77.jpg,bearfoot
images/image_78.jpg,bearfoot
images/image_79.jpg,bearfoot
images/image_80.jpg,bearfoot
images/image_81.jpg,bearfoot
images/image_82.jpg,bearfoot
images/image_83.jpg,bearfoot
images/image_84.jpg,bearfoot
images/image_85.jpg,bearfoot
images/image_86.jpg,bearfoot
images/image_87.jpg,bearfoot
images/image_88.jpg,bearfoot
images/image_89.jpg,bearfoot
images/image_90.jpg,bearfoot
images/image_91.jpg,bearfoot
images/image_92.jpg,bearfoot
images/image_93.jpg,bearfoot
images/image_94.jpg,bearfoot
images/image_95.jpg,bearfoot
images/image_96.jpg,bearfoot
images/image_97.jpg,bearfoot
images/image_98.jpg,bearfoot
images/image_99.jpg,bearfoot
images/image_100.jpg,bearfoot
images/image_101.jpg,bearfoot
images/image_102.jpg,bearfoot
images/image_103.jpg,bearfoot
images/image_104.jpg,bearfoot